License Number,Profession,License Status,Licensee,License Expiration Date,Address 1,Address 2,City,State,County,Zip,Phone
ACO0103,MOLD ASSESSMENT COMPANY,CURRENT,"BURCHAM ENVIRONMENTAL SERVICES, LLC",12/16/2026,PO BOX 2496,,WIMBERLEY,TX,HAYS,78676-7396,512-396-5725
ACO0108,MOLD ASSESSMENT COMPANY,EXPIRED,AIRSAFE ENVIROMENTAL REMEDIATION CORPO,3/8/2025,1509 FARINGDON DR,,PLANO,TX,COLLIN,75075-2746,972-740-1876
ACO0110,MOLD ASSESSMENT COMPANY,CURRENT,ENVIROCARE ASSOCIATES INC,3/13/2028,3948 LEGACY DR STE 106-392,,PLANO,TX,COLLIN,75023-8300,972-768-1235
ACO0112,MOLD ASSESSMENT COMPANY,CURRENT,ECOSYSTEMS ENVIRONMENTAL INC,3/13/2028,PO BOX 110849,,CARROLLTON,TX,DALLAS,75011-0849,972-416-0520
ACO0114,MOLD ASSESSMENT COMPANY,CURRENT,INDOOR ENVIRONMENTAL CONSULTANT INC,12/15/2026,PO BOX 262,,CEDAR PARK,TX,WILLIAMSON,78630,512-637-1831
ACO0115,MOLD ASSESSMENT COMPANY,CURRENT,RIMKUS CONSULTING GROUP INC,10/29/2027,12140 WICKCHESTER LN STE 300,,HOUSTON,TX,HARRIS,77079-1279,210-647-8400
ACO0117,MOLD ASSESSMENT COMPANY,CURRENT,TERRACON CONSULTANTS INC,3/14/2028,1801 HANDLEY EDERVILLE RD,,FORT WORTH,TX,TARRANT,76118-7102,817-268-8600
ACO0119,MOLD ASSESSMENT COMPANY,CURRENT,AUSTIN INDEPENDENT SCHOOL DISTRICT,12/31/2026,5101 E 51ST ST,,AUSTIN,TX,TRAVIS,78723-6145,512-414-2245
ACO0121,MOLD ASSESSMENT COMPANY,CURRENT,AEHS INC,12/31/2026,4402 CENTERGATE ST,,SAN ANTONIO,TX,BEXAR,78217-4806,210-656-9300
ACO0123,MOLD ASSESSMENT COMPANY,CURRENT,"TGE RESOURCES, INC",1/8/2028,8048 NORTHCOURT RD,,HOUSTON,TX,HARRIS,77040-4391,713-744-5876
ACO0125,MOLD ASSESSMENT COMPANY,CURRENT,TEXAS ASSOCIATION OF SCHOOL BOARDS,2/6/2028,19405 SANGREMON WAY,,PFLUGERVILLE,TX,TRAVIS,78660-3462,512-934-7438
ACO0126,MOLD ASSESSMENT COMPANY,CURRENT,EFI GLOBAL LLC,1/5/2028,2000 S DAIRY ASHFORD RD STE 600,,HOUSTON,TX,HARRIS,77077-5743,832-518-5145
ACO0127,MOLD ASSESSMENT COMPANY,CURRENT,SUN CITY ANALYTICAL INC - SCAI TRAINING CENTER,1/23/2028,1409 Montana 1409 MONTANA AVE,,EL PASO,TX,EL PASO,79902-5617,915-533-8840
ACO0131,MOLD ASSESSMENT COMPANY,CURRENT,UNIVERSITY OF TEXAS AT AUSTIN,1/11/2028,PO BOX 303513,Attn Anthony Estillore,AUSTIN,TX,TRAVIS,78703-0059,512-471-3511
ACO0132,MOLD ASSESSMENT COMPANY,CURRENT,HONESTY ENVIRONMENTAL SERVICES INC,1/12/2028,14420 W SYLVANFIELD DR STE 200,,HOUSTON,TX,HARRIS,77014-1678,713-856-5354
ACO0134,MOLD ASSESSMENT COMPANY,CURRENT,ATC GROUP SERVICES LLC,1/13/2028,15740 PARK ROW,Suite 200,HOUSTON,TX,HARRIS,77084-5278,346-227-7971
ACO0135,MOLD ASSESSMENT COMPANY,CURRENT,"PROGEA, INC",3/15/2028,"1910 PACIFIC AVENUE, SUITE 6060",,DALLAS,TX,DALLAS,75201,214-217-4330
ACO0143,MOLD ASSESSMENT COMPANY,CURRENT,"ENVIRONMENTAL SOLUTIONS, INC",3/15/2028,13831 NORTHWEST FWY STE 440,,HOUSTON,TX,HARRIS,77040-5200,713-934-9944
ACO0147,MOLD ASSESSMENT COMPANY,CURRENT,ERC ENVIRONMENTAL & CONSTRUCTION SERVICES INC DBA ERC,2/3/2028,1017 BLACKHAW ST,,HOUSTON,TX,HARRIS,77079-1001,713-290-9444
ACO0148,MOLD ASSESSMENT COMPANY,EXPIRED,ENERCON SERVICES INC,2/3/2024,400 W OAK ST,Ste 305,DENTON,TX,DENTON,76201,940-206-8766
ACO0160,MOLD ASSESSMENT COMPANY,CURRENT,"STC ENVIRONMENTAL SERVICES, INC",3/8/2027,7410 JOHN SMITH DR,SUITE 208,SAN ANTONIO,TX,BEXAR,78229-4421,210-696-6288
ACO0161,MOLD ASSESSMENT COMPANY,CURRENT,"IHST, INC",3/10/2028,2235 KELLER WAY,,CARROLLTON,TX,DALLAS,75006-2515,972-478-7415
ACO0162,MOLD ASSESSMENT COMPANY,CURRENT,"BRADY ENVIRONMENTAL SERVICES, INC",2/15/2028,PO BOX 2623,,LINDALE,TX,SMITH,75771-8723,903-882-6865
ACO0164,MOLD ASSESSMENT COMPANY,CURRENT,SITEX INC.,3/10/2028,11707 SOUTH SAM HOUSTON PARKWAY WEST,Suite A,HOUSTON,TX,HARRIS,77031,713-782-4411
ACO0166,MOLD ASSESSMENT COMPANY,CURRENT,GLE ASSOCIATES INC,4/14/2028,5405 CYPRESS CENTER DR STE 110,ATTN Alexis Perez,TAMPA,FL,,33609-1024,813-241-8350
ACO0178,MOLD ASSESSMENT COMPANY,EXPIRED,HALFF ASSOCIATES,,8616 NORTHWEST PLAZA DRIVE,,DALLAS,TX,DALLAS,75225,214-346-6200
ACO0184,MOLD ASSESSMENT COMPANY,CURRENT,"GOBBELL HAYS PARTNERS, INC",5/12/2027,401 E SONTERRA BLVD SUITE 375,,SAN ANTONIO,TX,BEXAR,78258-4073,210-824-5600
ACO0185,MOLD ASSESSMENT COMPANY,CURRENT,BRAZOS ENVIRONMENTAL & ENGINEERING SERVICES INC,3/30/2028,4923 FRANKLIN AVE,,WACO,TX,MCLENNAN,76710-6917,254-776-7663
ACO0186,MOLD ASSESSMENT COMPANY,CURRENT,ERI CONSULTING INC,3/30/2027,2026 REPUBLIC DR STE A,,TYLER,TX,SMITH,75701-8402,903-534-5001
ACO0188,MOLD ASSESSMENT COMPANY,CURRENT,TEXAS TECH UNIVERSITY E H AND S,4/8/2027,407 FLINT AVE RM 122,,LUBBOCK,TX,LUBBOCK,79409-9801,806-742-3876
ACO0190,MOLD ASSESSMENT COMPANY,CURRENT,FARMER ENVIRONMENTAL GROUP LLC,4/1/2027,3701 W PLANO PKWY STE 150,,PLANO,TX,COLLIN,75075-7846,972-390-8014
ACO0192,MOLD ASSESSMENT COMPANY,CURRENT,PHASE ENGINEERING LLC,4/7/2027,5524 CORNISH ST,,HOUSTON,TX,HARRIS,77007,713-476-9844
ACO0194,MOLD ASSESSMENT COMPANY,CURRENT,TLI & ENVIRONMENTAL SERVICES INC,4/20/2027,PO BOX 482,,KEMPNER,TX,LAMPASAS,76539-0482,512-932-2405
ACO0198,MOLD ASSESSMENT COMPANY,CURRENT,HOUSTON INDEPENDENT SCHOOL DISTRICT,6/3/2027,4400 W 18TH ST,,HOUSTON,TX,HARRIS,77092-8501,713-556-9225
ACO0199,MOLD ASSESSMENT COMPANY,CURRENT,PSI,7/16/2028,3730 DACOMA STREET,,HOUSTON,TX,HARRIS,77092,832-259-6336
ACO0201,MOLD ASSESSMENT COMPANY,CURRENT,PRIMERA PROFESSIONAL SERVICES GROUP LLC,8/13/2028,835 E LAMAR BLVD STE 274,,ARLINGTON,TX,TARRANT,76011-3504,682-227-8585
ACO0211,MOLD ASSESSMENT COMPANY,CURRENT,LYNN CLARK ASSOCIATES INC DBA,10/28/2026,PO BOX 29469,,DALLAS,TX,DALLAS,75229-0469,972-241-6680
ACO0216,MOLD ASSESSMENT COMPANY,CURRENT,"ARGUS ENVIRONMENTAL CONSULTANTS, LLC",12/21/2026,10004 WURZBACH RD # 247,,SAN ANTONIO,TX,BEXAR,78230-2214,210-493-2560
ACO0218,MOLD ASSESSMENT COMPANY,CURRENT,UNITED SERVICES AUTOMOBILE ASSOCIATION,10/28/2026,9800 FREDERICKSBURG RD,ATTN PEI GAO,SAN ANTONIO,TX,BEXAR,78288-0001,210-215-6670
ACO1000,MOLD ASSESSMENT COMPANY,CURRENT,CUMORAH INC DBA PROVIDENT GROUP,5/28/2027,PO BOX 886,,DENTON,TX,DENTON,76202-0886,940-898-0861
ACO1001,MOLD ASSESSMENT COMPANY,CURRENT,"MOLD INSPECTION SCIENCES TEXAS, INC.",3/20/2027,PO BOX 270664,,LOUISVILLE,CO,,80027-5011,512-535-2493
ACO1002,MOLD ASSESSMENT COMPANY,CURRENT,TEXAS A&M UNIVERSITY ENVIRONMENTAL HEALTH AND SAFETY DEPARTMENT,5/22/2027,4472 TAMU,,COLLEGE STATION,TX,BRAZOS,77843-0001,979-845-2132
ACO1010,MOLD ASSESSMENT COMPANY,CURRENT,KING CONSULTANTS INC,3/26/2028,1205 E 46TH ST,,LUBBOCK,TX,LUBBOCK,79404-3807,806-763-6157
ACO1029,MOLD ASSESSMENT COMPANY,CURRENT,"EHP CONSULTING, LLC",6/18/2027,10455 N CENTRAL EXPY STE 109,,DALLAS,TX,DALLAS,75231-2215,214-417-9280
ACO1031,MOLD ASSESSMENT COMPANY,CURRENT,L & P SCIENTIFIC CONSULTING LLC,6/25/2027,13291 MONTANA AVE,,EL PASO,TX,HUDSPETH,79938-9650,915-838-1188
ACO1035,MOLD ASSESSMENT COMPANY,EXPIRED,"NTC RESTORATION UNLIMITED, LLC DBA 877QUICDRY",1/15/2026,1309 ILLINOIS ST,,SOUTH HOUSTON,TX,HARRIS,77587-5418,713-777-6653
ACO1040,MOLD ASSESSMENT COMPANY,CURRENT,HILLMANN CONSULTING LLC,3/7/2028,1600 ROUTE 22 E STE 107,,UNION,NJ,OUT OF STATE/UNKNOWN,07083-3410,908-688-7800
ACO1041,MOLD ASSESSMENT COMPANY,CURRENT,TARGUS ASSOCIATES LLC,3/16/2028,3333 EARHART DR STE 210,,CARROLLTON,TX,DALLAS,75006-4972,972-247-7229
ACO1046,MOLD ASSESSMENT COMPANY,EXPIRED,RISKNOMICS LLC,2/2/2025,331 E ORANGE DR,,CASA GRANDE,AZ,,85122-4043,602-881-9665
ACO1047,MOLD ASSESSMENT COMPANY,CURRENT,QC LABORATORIES INC,5/21/2027,10810 NORTHWEST FWY,,HOUSTON,TX,HARRIS,77092-7304,713-695-1133
ACO1053,MOLD ASSESSMENT COMPANY,CURRENT,ARCADIS US INC,4/3/2027,110 W FAYETTE ST STE 300,Attn: Legal,SYRACUSE,NY,,13202-1199,720-344-3727
ACO1055,MOLD ASSESSMENT COMPANY,EXPIRED,JENKINS ENVIRONMENTAL CONSULTING LLC,2/8/2024,7756 NORTHCROSS DR STE 103,,AUSTIN,TX,TRAVIS,78757,512-708-9390
ACO1056,MOLD ASSESSMENT COMPANY,CURRENT,ESESIS ENVIRONMENTAL PARTNERS CORP,1/9/2028,PO BOX 889," ",ELM MOTT,TX,MCLENNAN,76640-0889,254-829-1477
ACO1060,MOLD ASSESSMENT COMPANY,CURRENT,JEFF ZUNKER SPECIALTY PRODUCTS INC DBA ASTEX ENVIRONMENTAL SERVI,4/20/2028,139 Braniff  139 BRANIFF DR,,SAN ANTONIO,TX,BEXAR,78216,210-828-2900
ACO1061,MOLD ASSESSMENT COMPANY,CURRENT,APEX TITAN INC,4/16/2028,2121 MIDWAY RD SUITE 100,,CARROLLTON,TX,DALLAS,75006-5262,469-365-1100
ACO1062,MOLD ASSESSMENT COMPANY,CURRENT,TERRA NOVA CONSULTING INC,8/19/2028,6725 S FRY RD,PMB 700-345,KATY,TX,HARRIS,77494-8102,713-482-8787
ACO1069,MOLD ASSESSMENT COMPANY,CURRENT,VANTAGE ENVIRONMENTAL SERVICES LP,10/17/2026,15851 DALLAS PKWY STE 600,,ADDISON,TX,DALLAS,75001-6030,214-561-8690
ACO1070,MOLD ASSESSMENT COMPANY,CURRENT,SETX ENVIRONMENTAL INC,10/28/2026,3331 TAFT AVE,,GROVES,TX,JEFFERSON,77619-5830,409-963-2731
ACO1073,MOLD ASSESSMENT COMPANY,CURRENT,AAMECC LLC,7/30/2027,1327 E WASHINGTON AVE STE 242,,HARLINGEN,TX,CAMERON,78550-5684,956-357-4269
ACO1074,MOLD ASSESSMENT COMPANY,CURRENT,ENVIRONMENTAL TESTING GROUP INC,2/7/2028,655 W GRAND AVE,#300,ELMHURST,IL,OUT OF STATE/UNKNOWN,60126,855-600-6653
ACO1078,MOLD ASSESSMENT COMPANY,CURRENT,NOVA CONSULTING GROUP INC,2/4/2028,5320 W 23RD ST STE 270,,MINNEAPOLIS,MN,,55416-1663,952-361-8681
ACO1080,MOLD ASSESSMENT COMPANY,CURRENT,MECX INC,3/8/2028,9079 KNIGHT RD,,HOUSTON,TX,HARRIS,77054-4305,713-585-7000
ACO1081,MOLD ASSESSMENT COMPANY,CURRENT,FERKAM MANAGEMENT CORPORATION,6/11/2028,525 N HOUSTON AVE,,HUMBLE,TX,HARRIS,77338-3870,346-345-2015
ACO1083,MOLD ASSESSMENT COMPANY,CURRENT,ALLEN ANALYTICAL LABORATORIES INC DBA ALL MOLD PRO,4/2/2028,709B W RUSK ST STE 580,,ROCKWALL,TX,ROCKWALL,75087-3624,972-567-7298
ACO1084,MOLD ASSESSMENT COMPANY,EXPIRED,DOUGHERTY SPRAGUE ENTERPRISES INC,1/18/2025,1405 CHESTNUT DR,,ROWLETT,TX,ROCKWALL,75089-3252,972-412-8666
ACO1088,MOLD ASSESSMENT COMPANY,CURRENT,"CHAMPION ENVIRONMENTAL CONSULTING, INC.",2/18/2027,109 W 7TH ST STE 210,,GEORGETOWN,TX,WILLIAMSON,78626-5766,512-992-5383
ACO1089,MOLD ASSESSMENT COMPANY,CURRENT,ESE PARTNERS LLC,3/18/2027,2002 W GRAND PKWY N STE 140,,KATY,TX,HARRIS,77449-1964,281-501-6100
ACO1090,MOLD ASSESSMENT COMPANY,CURRENT,TEXAS MOLD INSPECTION SERVICE,4/23/2027,1932 CARMEL DR,,PLANO,TX,COLLIN,75075,972-567-2664
ACO1091,MOLD ASSESSMENT COMPANY,CURRENT,"ANE CONSULTING, INC",8/27/2027,6595 STRAHAN,,EL PASO,TX,EL PASO,79932,915-243-7088
ACO1092,MOLD ASSESSMENT COMPANY,EXPIRED,"BSC FORENSIC SERVICES, LLC",7/15/2025,1519 VANDERWILT LN,,KATY,TX,HARRIS,77449-1897,888-405-3160
ACO1094,MOLD ASSESSMENT COMPANY,CURRENT,"PREFERRED HOME INSPECTIONS, INC.",3/20/2027,26406 PINE CANYON DR,,SPRING,TX,MONTGOMERY,77380-1272,713-249-8581
ACO1095,MOLD ASSESSMENT COMPANY,CURRENT,PARTNER ASSESSMENT CORPORATION,3/28/2028,2154 TORRANCE BLVD STE 200,,TORRANCE,CA,,90501-2609,310-765-7275
ACO1100,MOLD ASSESSMENT COMPANY,CURRENT,TURNSTONE EH&S INC,10/2/2026,226 S ENTERPRIZE PKWY STE 116,,CORPUS CHRISTI,TX,NUECES,78405-4120,281-470-0708
ACO1109,MOLD ASSESSMENT COMPANY,EXPIRED,HANSON PROFESSIONAL SERVICES INC,11/13/2024,1525 S 6TH ST,,SPRINGFIELD,IL,,62703-2801,217-788-2450
ACO1116,MOLD ASSESSMENT COMPANY,CURRENT,MOLD BAD MOLD LLC,3/9/2027,7457 HOLLISTER ST,,HOUSTON,TX,HARRIS,77040-5325,281-782-7966
ACO1117,MOLD ASSESSMENT COMPANY,CURRENT,MICROBIOLOGY SPECIALISTS INCORPORATED,3/16/2027,8275 EL RIO ST STE 110,,HOUSTON,TX,HARRIS,77054-4633,713-663-6888
ACO1118,MOLD ASSESSMENT COMPANY,CURRENT,J.S. HELD LLC,1/3/2028,19 CHATHAM RD,,SUMMIT,NJ,OUT OF STATE/UNKNOWN,07901-1301,609-731-2565
ACO1120,MOLD ASSESSMENT COMPANY,CURRENT,MUNDAE CLEANING & RESTORATION,8/16/2027,6101 MAPLE ST,,HOUSTON,TX,HARRIS,77074-7449,713-777-7700
ACO1121,MOLD ASSESSMENT COMPANY,CURRENT,CJ ENVIRONMENTAL CONSULTING LLC,6/28/2027,PO BOX 160895,,SAN ANTONIO,TX,BEXAR,78280-3095,210-788-7330
ACO1123,MOLD ASSESSMENT COMPANY,EXPIRED,BBG ASSESSMENTS LLC,5/15/2026,8343 DOUGLAS AVE STE 700,,DALLAS,TX,DALLAS,75225-5851,214-890-6464
ACO1125,MOLD ASSESSMENT COMPANY,CURRENT,TRC ENVIRONMENTAL CORPORATION,9/27/2027,505 E HUNTLAND DRIVE SUITE 250,,AUSTIN,TX,TRAVIS,78752,512-329-6080
ACO1126,MOLD ASSESSMENT COMPANY,CURRENT,DCG ENVIRONMENTAL LLC,12/5/2027,211 WEST PLEASANT RUN,,LANCASTER,TX,ELLIS,75146,972-489-8927
ACO1127,MOLD ASSESSMENT COMPANY,CURRENT,DALLAS / FORT WORTH INTERNATIONAL AIRPORT BOARD,10/2/2027,PO BOX 619428,Annex A Environmental,DALLAS,TX,DALLAS,75261-9428,972-973-5682
ACO1129,MOLD ASSESSMENT COMPANY,CURRENT,FIG SERVICES LLC,11/4/2027,11227 ENDICOTT LN,,HOUSTON,TX,HARRIS,77035-3032,832-279-1960
ACO1130,MOLD ASSESSMENT COMPANY,CURRENT,AGILE ENVIRONMENTAL LLC,6/17/2028,13511 SOUTH TRACEWOOD BEND,,HOUSTON,TX,HARRIS,77077-1540,832-512-3132
ACO1131,MOLD ASSESSMENT COMPANY,CURRENT,CULLEY ENVIRO LLC,1/7/2028,4401  GORMAN DRIVE,,"FORT WORTH ",TX,TARRANT,76132,817-939-1643
ACO1134,MOLD ASSESSMENT COMPANY,CURRENT,"VETERAN HOME INSPECTIONS, PLLC",11/30/2027,4033 FM 2828,,BANDERA,TX,BANDERA,78003-5139,210-202-1974
ACO1135,MOLD ASSESSMENT COMPANY,CURRENT,BROADBENT & ASSOCIATES,1/28/2028,113 FALLS CT STE 700,,BOERNE,TX,KENDALL,78006-2975,702-712-0985
ACO1136,MOLD ASSESSMENT COMPANY,EXPIRED,DBL CHECK LLC,1/21/2024,11366 RIM ROCK TRL,,AUSTIN,TX,HAYS,78737-2817,512-669-9909
ACO1138,MOLD ASSESSMENT COMPANY,CURRENT,"ENSOLUM, LLC",2/7/2028,8330 LBJ FWY STE 830,,DALLAS,TX,DALLAS,75243-1390,214-364-8142
ACO1143,MOLD ASSESSMENT COMPANY,CURRENT,MOLDFINDER.COM INC.,10/22/2026,2431 S SAN ANTONIO ST,,PEARLAND,TX,HARRIS,77581-4035,866-484-8318
ACO1144,MOLD ASSESSMENT COMPANY,CURRENT,1ST RATE INSPECTIONS,3/7/2028,16111 MARY ANN ST,,CYPRESS,TX,HARRIS,77429,832-567-5791
ACO1145,MOLD ASSESSMENT COMPANY,EXPIRED,AGGIE INSPECTOR GROUP LLC,9/10/2024,14027 MEMORIAL DR # 362,,HOUSTON,TX,HARRIS,77079-6826,832-865-9218
ACO1146,MOLD ASSESSMENT COMPANY,CURRENT,POINT ALLIANCE SOLUTIONS LLC,5/7/2027,22720 LAIN ROAD,,SPRING,TX,HARRIS,77379,832-953-2899
ACO1147,MOLD ASSESSMENT COMPANY,CURRENT,FERN ENVIRONMENTAL LLC,12/16/2026,1900 W GRAY ST UNIT 131631,,HOUSTON,TX,HARRIS,77219-2680,713-202-4717
ACO1149,MOLD ASSESSMENT COMPANY,CURRENT,"E-TECH ENVIRONMENTAL & SAFETY SOLUTIONS, INC",1/14/2027,6309 INDIANA AVE,Ste. D,LUBBOCK,TX,LUBBOCK,79413-5738,432-894-2100
ACO1150,MOLD ASSESSMENT COMPANY,CURRENT,"ALL ENVIRONMENTAL, INC.",2/21/2027,3405 WYCLIFF AVE,,MCKINNEY,TX,COLLIN,75071-1407,925-746-6017
ACO1152,MOLD ASSESSMENT COMPANY,CURRENT,CASTALDO ENTERPRISE LLC,2/25/2027,PO BOX 270521,,FLOWER MOUND,TX,DENTON,75027-0521,972-440-5678
ACO1155,MOLD ASSESSMENT COMPANY,EXPIRED,NATIONAL HOUSECHECK,4/30/2025,1001 ED RUTHERFORD DR,ATTN RUSELL LEWIS,GREENVILLE,TX,HUNT,75402-5701,850-348-3429
ACO1157,MOLD ASSESSMENT COMPANY,EXPIRED,DALLAS MOLD INSPECTION GROUP,10/20/2025,5200 MARTEL AVE APT 3K,,DALLAS,TX,DALLAS,75206-5648,214-728-7541
ACO1158,MOLD ASSESSMENT COMPANY,CURRENT,CERTIFIED MOLD ASSESSMENTS INC,9/30/2027,3959 VAN DYKE RD PMB 369,,LUTZ,FL,OUT OF STATE/UNKNOWN,33558,813-789-8209
ACO1161,MOLD ASSESSMENT COMPANY,EXPIRED,DRYMORE COMPANY,12/2/2025,8345 W LITTLE YORK RD STE 2,,HOUSTON,TX,HARRIS,77040-4393,281-930-0100
ACO1162,MOLD ASSESSMENT COMPANY,CURRENT,GREENWORKS SERVICE COMPANY,6/6/2028,4848 LEMMON AVE # 613,,DALLAS,TX,DALLAS,75219-1400,855-349-6757
ACO1164,MOLD ASSESSMENT COMPANY,EXPIRED,"TETRA TECH, INC.",6/22/2026,1500 CITYWEST BLVD,Ste 1000,HOUSTON,TX,HARRIS,77042-2300,832-251-5160
ACO1165,MOLD ASSESSMENT COMPANY,CURRENT,"GIF SERVICES, LLC",1/6/2028,1625 CLARENDON DR,,LEWISVILLE,TX,DENTON,75067-3217,469-400-5838
ACO1168,MOLD ASSESSMENT COMPANY,CURRENT,CE ENVIRONMENTAL CONSULTANTS LLC,2/24/2028,PO BOX 129,,PATTISON,TX,WALLER,77466-0129,775-250-7898
ACO1170,MOLD ASSESSMENT COMPANY,CURRENT,"SRP ENVIRONMENTAL, LLC",10/31/2026,348 AERO DR,,SHREVEPORT,LA,,71107-6704,936-446-8227
ACO1171,MOLD ASSESSMENT COMPANY,CURRENT,FIX AIRX LLC,1/30/2027,4400 STATE HIGHWAY 121,Suite 300-1228,LEWISVILLE,TX,DENTON,75056-4561,469-224-7774
ACO1173,MOLD ASSESSMENT COMPANY,CURRENT,"NELSON FORENSICS, LLC",7/21/2028,2740 DALLAS PKWY STE 220,,PLANO,TX,COLLIN,75093-4856,469-429-9000
ACO1174,MOLD ASSESSMENT COMPANY,EXPIRED,"NINYO & MOORE GEOTECHNICAL & ENVIROMENTAL SCIENCES CONSULTANTS, INC.",8/5/2024,5710 RUFFIN RD,,SAN DIEGO,CA,OUT OF STATE/UNKNOWN,92123-1013,713-973-8400
ACO1175,MOLD ASSESSMENT COMPANY,CURRENT,"TOTAL SAFETY, U.S., INC.",8/12/2028,4210 MALONE DR,,PASADENA,TX,HARRIS,77507-1841,281-291-4800
ACO1177,MOLD ASSESSMENT COMPANY,CURRENT,"NV5, INC.",9/20/2026,200 S PARK RD STE 350,,HOLLYWOOD,FL,,33021-8798,954-613-6731
ACO1178,MOLD ASSESSMENT COMPANY,CURRENT,"ENVIRONMENTAL CONSULTANTS INTERNATIONAL, LLC",10/19/2026,5773 WOODWAY DR,Suite 310,HOUSTON,TX,HARRIS,77057-1501,713-344-1300
ACO1179,MOLD ASSESSMENT COMPANY,CURRENT,LEAD PAINT INSPECTION,10/29/2026,6919 PINE VISTA LN,,HOUSTON,TX,HARRIS,77092-1010,832-840-7887
ACO1181,MOLD ASSESSMENT COMPANY,CURRENT,CYPRESS ENVIRONMENTAL CONSULTING LLC,12/21/2026,10605 GRANT RD STE 106,,HOUSTON,TX,HARRIS,77070-4452,281-640-4475
ACO1182,MOLD ASSESSMENT COMPANY,CURRENT,UL VERIFICATION SERVICES INC,2/21/2027,801 KLEIN RD STE 200,,PLANO,TX,COLLIN,75074-3779,469-410-1336
ACO1184,MOLD ASSESSMENT COMPANY,EXPIRED,AEG HOLDCO LLC,6/22/2025,5655 LINDERO CANYON RD,Suite 701,WESTLAKE VILLAGE,CA,,91362-4016,951-400-2521
ACO1185,MOLD ASSESSMENT COMPANY,CURRENT,MOLD BUSTERS LLC,6/22/2027,22720 MORTON RANCH RD STE 160,,KATY,TX,HARRIS,77449-2155,281-957-6653
ACO1189,MOLD ASSESSMENT COMPANY,EXPIRED,MICRO TESTING INC,8/5/2025,5900 BALCONES DR STE 4579,,AUSTIN,TX,TRAVIS,78731-4257,800-839-9195
ACO1190,MOLD ASSESSMENT COMPANY,CURRENT,TOOLMAN MOLD INSPECTIONS LLC,9/6/2027,19708 COPPER POINT CV,,PFLUGERVILLE,TX,TRAVIS,78660-2192,512-673-3113
ACO1191,MOLD ASSESSMENT COMPANY,CURRENT,DEKD ENVIRONMENTAL,9/9/2027,PO BOX 33185,,SAN ANTONIO,TX,BEXAR,78265-3185,210-370-7655
ACO1192,MOLD ASSESSMENT COMPANY,CURRENT,"FLINT INSPECTION CONSULTING SERVICES, INC.",9/13/2027,538 DOVE LN,,WICHITA FALLS,TX,WICHITA,76305-7001,940-569-4876
ACO1193,MOLD ASSESSMENT COMPANY,CURRENT,"TEXAS STATE ENVIRONMENTAL CONSULTING, LLC",9/20/2027,125 ARCHERS WAY,,SAN MARCOS,TX,GUADALUPE,78666-2018,512-952-2757
ACO1194,MOLD ASSESSMENT COMPANY,CURRENT,"CHOICE CONSULTING, LLC",9/20/2027,PO BOX 12333,,COLLEGE STATION,TX,BRAZOS,77842-2333,979-492-5104
ACO1195,MOLD ASSESSMENT COMPANY,CURRENT,"AEREM ENVIRONMENTAL CONSULTANTS, LLC",9/23/2027,1502 NEW COMBES HWY,#533484,HARLINGEN,TX,CAMERON,78553-4601,956-873-3782
ACO1196,MOLD ASSESSMENT COMPANY,CURRENT,MB&T SERVICES,12/2/2027,PO BOX 333,,ROCKWALL,TX,COLLIN,75087-0333,469-323-4377
ACO1197,MOLD ASSESSMENT COMPANY,CURRENT,"INDOOR ENVIRONMENTAL SAFE SPACE NETWORK, CORP",10/6/2027,280 W RENNER RD,3513,RICHARDSON,TX,DALLAS,75080-1349,817-966-6440
ACO1198,MOLD ASSESSMENT COMPANY,EXPIRED,SWCA INC DBA SWCA ENVIRONMENTAL CONSULTANTS,10/17/2023,4949 N LOOP 1604 W STE 235,,SAN ANTONIO,TX,BEXAR,78249-1390,210-877-2847
ACO1199,MOLD ASSESSMENT COMPANY,EXPIRED,"RESTORATION XP CONSTRUCTION, LLC",10/28/2023,1745 HAYDEN DR,Unit 150C,CARROLLTON,TX,DALLAS,75006-5739,800-858-1701
ACO1200,MOLD ASSESSMENT COMPANY,CURRENT,BRAUN INTERTEC CORPORATION,11/14/2027,11001 HAMPSHIRE AVE S,,MINNEAPOLIS,MN,OUT OF STATE/UNKNOWN,55438-2424,952-995-2000
ACO1201,MOLD ASSESSMENT COMPANY,CURRENT,"HOUSTON HOME INSPECTIONS, PLLC",12/26/2027,32302 TAMINA RD,A-1,MAGNOLIA,TX,MONTGOMERY,77354-3492,713-408-1129
ACO1202,MOLD ASSESSMENT COMPANY,EXPIRED,"CASTLE HOME INSPECTIONS, PLLC",12/28/2023,10325 BEVERLY HILLS DR,,CORPUS CHRISTI,TX,NUECES,78410-2214,361-878-5665
ACO1203,MOLD ASSESSMENT COMPANY,CURRENT,BAER ENGINEERING & ENVIRONMENTAL CONSULTING INC,1/3/2028,7756 NORTHCROSS DR STE 211,,AUSTIN,TX,TRAVIS,78757-1738,512-453-3733
ACO1204,MOLD ASSESSMENT COMPANY,EXPIRED,"HALFF ASSOCIATES, INC.",1/6/2024,14800 SAINT MARYS LN STE 160,,HOUSTON,TX,HARRIS,77079-2943,713-588-2450
ACO1205,MOLD ASSESSMENT COMPANY,EXPIRED,"ALPHA TERRA ENGINEERING, INC",1/13/2026,8626 TESORO DR STE 810,,SAN ANTONIO,TX,BEXAR,78217-6217,210-930-2834
ACO1206,MOLD ASSESSMENT COMPANY,EXPIRED,"LANGE INDEPENDENT HOME & TERMITE INSPECTION, LLC",3/16/2024,1308 E COMMON ST,Suite 205,NEW BRAUNFELS,TX,COMAL,78130-3557,830-446-3425
ACO1207,MOLD ASSESSMENT COMPANY,EXPIRED,"ALL POINTS ENVIRONMENTAL, LLC",3/20/2026,1245 W CARDINAL DR,,BEAUMONT,TX,JEFFERSON,77705-6410,409-842-4094
ACO1209,MOLD ASSESSMENT COMPANY,EXPIRED,"ENVIROPHASE INCORPORATED, LP",4/18/2026,337 OAKS TRL,Suite 225,GARLAND,TX,DALLAS,75043-4096,972-571-2920
ACO1210,MOLD ASSESSMENT COMPANY,EXPIRED,"FALCON NEST, LLC",4/19/2024,3101 PLEASANT VALLEY LANE,Suite D,"ARLINGTON ",TX,TARRANT,76015,817-419-3420
ACO1211,MOLD ASSESSMENT COMPANY,EXPIRED,PRECISION ENVIRONMENTAL SERVICES,4/27/2024,516 FOREST TRL,,ARGYLE,TX,DENTON,76226-6704,940-597-2673
ACO1212,MOLD ASSESSMENT COMPANY,CURRENT,ECS SOUTHWEST LLP,6/5/2028,1000 N. POST OAK RD.,Suite 240,HOUSTON,TX,HARRIS,77055,832-993-6476
ACO1213,MOLD ASSESSMENT COMPANY,EXPIRED,PROTEAN SERVICES LLC,6/26/2024,7424  FORREST LN,North Richland Hills,NORTH RICHLAND HILLS,TX,TARRANT,76182,469-263-6868
ACO1215,MOLD ASSESSMENT COMPANY,CURRENT,FUSION ENVIRONMENTAL GROUP LLC,8/16/2028,3006 BEE CAVES ROAD,Suite D201,AUSTIN,TX,TRAVIS,78746-6787,512-229-1199
ACO1216,MOLD ASSESSMENT COMPANY,EXPIRED,"R2M ENGINEERING, LLC",8/17/2026,5012 50TH ST STE 204," ",LUBBOCK,TX,LUBBOCK,79414-3426,806-783-9944
ACO1217,MOLD ASSESSMENT COMPANY,EXPIRED,IMPERIAL RESTORATION SERVICES,10/3/2024,14027 MEMORIAL DR # 139,,HOUSTON,TX,HARRIS,77079-6826,281-741-9885
ACO1218,MOLD ASSESSMENT COMPANY,EXPIRED,LAD AVIATION INC,10/10/2024,5850 SAN FELIPE ST STE 500,,HOUSTON,TX,HARRIS,77057-8003,708-465-7252
ACO1219,MOLD ASSESSMENT COMPANY,EXPIRED,NATIONS BEST HOME INSPECTIONS,12/1/2024,1824 MANN PKWY,,CELINA,TX,DENTON,75009-4760,972-590-8719
ACO1220,MOLD ASSESSMENT COMPANY,CURRENT,ASBESTOS & MOLD PROFESSIONALS OF TEXAS LLC,1/14/2027,1433 GLENBROOK DR,,IRVING,TX,DALLAS,75061-4503,469-271-3705
ACO1221,MOLD ASSESSMENT COMPANY,CURRENT,"ABACUS ENVIRONMENT, INC",2/10/2027,5445 LA SIERRA DR,Suite 450,DALLAS,TX,DALLAS,75231-4108,214-363-0099
ACO1222,MOLD ASSESSMENT COMPANY,EXPIRED,ANTHONY@MICROINSTITUTETEXAS.COM,1/5/2025,1604 UVALDE DR,,HUTTO,TX,WILLIAMSON,78634-5308,512-662-5752
ACO1223,MOLD ASSESSMENT COMPANY,CURRENT,"HEDDERMAN & SON ASSESSMENTS, LLC",1/25/2027,10678 EHLERS RD,,CONROE,TX,MONTGOMERY,77302-4014,281-355-9944
ACO1224,MOLD ASSESSMENT COMPANY,EXPIRED,"ENVIROBUSINESS, INC.",3/2/2025,7608 LARCHVIEW DR,,DALLAS,TX,DALLAS,75254-2811,817-680-4714
ACO1225,MOLD ASSESSMENT COMPANY,CURRENT,"VERTEX COMPANIES, LLC",3/6/2027,398 LIBBEY PKWY,,EAST WEYMOUTH,MA,OUT OF STATE/UNKNOWN,02189-3133,781-952-6000
ACO1226,MOLD ASSESSMENT COMPANY,CURRENT,ZEKE@P12ENVIRO.COM,3/6/2027,215 REPUBLIC AVE APT 5304,,LAFAYETTE,LA,,70508-6998,337-257-8792
ACO1227,MOLD ASSESSMENT COMPANY,EXPIRED,TWINS CLEANING SOLUTION LLC,3/12/2025,1822 BLAKE DR,,RICHARDSON,TX,DALLAS,75081-2656,214-226-5891
ACO1228,MOLD ASSESSMENT COMPANY,CURRENT,TTL INC.,3/20/2027,17215 JONES MALTSBERGER RD,,SAN ANTONIO,TX,BEXAR,78247-2808,210-888-6100
ACO1229,MOLD ASSESSMENT COMPANY,CURRENT,"SEMS, INC.",9/5/2027,11628 S CHOCTAW DR,,BATON ROUGE,LA,OUT OF STATE/UNKNOWN,70815-2107,225-924-2002
ACO1230,MOLD ASSESSMENT COMPANY,EXPIRED,"AMOLDI, LLC",5/22/2025,1000 MAIN ST,Suite 2300,HOUSTON,TX,HARRIS,77002-6336,281-436-7296
ACO1231,MOLD ASSESSMENT COMPANY,CURRENT,"RIGHT ANGLE INSPECTION, LLC",5/31/2027,793 EASTVIEW DR,,CANYON LAKE,TX,COMAL,78133-6461,830-387-8115
ACO1232,MOLD ASSESSMENT COMPANY,CURRENT,WE INSPECT,5/31/2027,12651 HIGH BLUFF DR,Suite 130,SAN DIEGO,CA,,92130-2014,888-436-6653
ACO1233,MOLD ASSESSMENT COMPANY,CURRENT,"AQ TESTING SERVICES, LLC",5/15/2028,28002 WILLOWGREEN ST.,,KATY,TX,WALLER,77494,713-775-8863
ACO1234,MOLD ASSESSMENT COMPANY,CURRENT,CODENVIRON LLC,7/30/2027,1940 FOUNTAIN VIEW DR # 161,,HOUSTON,TX,HARRIS,77057-3206,346-558-6796
ACO1235,MOLD ASSESSMENT COMPANY,EXPIRED,"TX ENVIRO, LLC",6/15/2025,216 LEMMON DR STE 382,,RENO,NV,OUT OF STATE/UNKNOWN,89506-8701,254-265-0357
ACO1236,MOLD ASSESSMENT COMPANY,CURRENT,TEXINSPEC INC,7/12/2027,6709 MEADOW CREST DR,,NORTH RICHLAND HILLS,TX,TARRANT,76180-6669,817-265-5452
ACO1237,MOLD ASSESSMENT COMPANY,CURRENT,"REDFISH INSPECTIONS, LLC",12/4/2027,1018 HERCULES AVE,,HOUSTON,TX,HARRIS,77058-2722,713-568-8184
ACO1238,MOLD ASSESSMENT COMPANY,CURRENT,DISASTER RECOVERY CONSULTANTS,9/7/2027,131 SPIDER RD,,WAXAHACHIE,TX,ELLIS,75167-8981,817-939-4706
ACO1239,MOLD ASSESSMENT COMPANY,CURRENT,"LEGENDARY MOLD INSPECTIONS, LLC",8/20/2028,5610 OLD DOWLEN RD,,BEAUMONT,TX,JEFFERSON,77706-6508,409-273-5909
ACO1240,MOLD ASSESSMENT COMPANY,CURRENT,"LGM ENVIRONMENTAL CONSULTANTS, LLC",11/4/2027,20696 ALTA VISTA CT,#3,HARLINGEN,TX,CAMERON,78550-2161,956-244-4479
ACO1241,MOLD ASSESSMENT COMPANY,CURRENT,"TLC INSPECTIONS, LLC",11/30/2027,8920 BUSINESS PARK DR STE 200,,AUSTIN,TX,TRAVIS,78759-7618,512-900-2191
ACO1242,MOLD ASSESSMENT COMPANY,EXPIRED,BNF CONSULTING INC,11/30/2025,15 LINCOLN AVE,,SOMERS,NY,OUT OF STATE/UNKNOWN,10589-3042,914-797-8335
ACO1243,MOLD ASSESSMENT COMPANY,EXPIRED,A & B ENVIRONMENTAL SERVICES INC DBA,12/4/2025,10100 EAST FWY STE 100,,HOUSTON,TX,HARRIS,77029-1919,713-453-6060
ACO1244,MOLD ASSESSMENT COMPANY,CURRENT,"UES PROFESSIONAL SOLUTIONS 44, LLC",12/10/2027,2209 WISCONSIN ST,,DALLAS,TX,DALLAS,75229-2060,469-802-1310
ACO1245,MOLD ASSESSMENT COMPANY,CURRENT,MOLD TESTING HOUSTON,1/11/2028,"539  WEST COMMERCE ST ",,DALLAS,TX,DALLAS,75208,415-960-9357
ACO1246,MOLD ASSESSMENT COMPANY,CURRENT,JENKINS ENVIRONMENTAL CONSULTING LLC,1/24/2028,7756 NORTHCROSS DR STE 103,,AUSTIN,TX,TRAVIS,78757-1736,512-708-9390
ACO1247,MOLD ASSESSMENT COMPANY,EXPIRED,G1 ENVIRONMENTAL AND CONSULTING LLC,2/12/2026,10802 TUPPER LAKE DR,,HOUSTON,TX,HARRIS,77042-1346,832-319-9165
ACO1248,MOLD ASSESSMENT COMPANY,CURRENT,"ASPEN INTEGRITY, LLC",2/29/2028,400 W OAK ST STE 305,,DENTON,TX,DENTON,76201-9092,409-656-7032
ACO1249,MOLD ASSESSMENT COMPANY,EXPIRED,KLEANFORCE ENVIRONMENTAL,3/5/2026,11721 PUEBLO FUERTE CT,,EL PASO,TX,EL PASO,79936-4458,915-474-0299
ACO1250,MOLD ASSESSMENT COMPANY,EXPIRED,"HOUSE INSPECTION SERVICES, PLLC",3/21/2026,PO BOX 117773,,CARROLLTON,TX,DALLAS,75011-7773,214-243-5676
ACO1251,MOLD ASSESSMENT COMPANY,EXPIRED,IN CONTROL TECHNOLOGIES LLC,4/1/2026,14731 PEBBLE BEND DR,,HOUSTON,TX,HARRIS,77068-2928,281-580-8892
ACO1252,MOLD ASSESSMENT COMPANY,CURRENT,"MCLELLAN INTEGRATED PROFESSIONAL SERVICES, LLC",4/3/2028,229 Lakewood LAKEWOOD LANE,,PONDER,TX,DENTON,76259,940-364-6090
ACO1253,MOLD ASSESSMENT COMPANY,CURRENT,REAGAN ENVIRONMENTAL,4/9/2028,9014 WATER CREST CT,,MONTGOMERY,TX,MONTGOMERY,77316-6923,832-623-4889
ACO1254,MOLD ASSESSMENT COMPANY,EXPIRED,ABEX ENVIRONMENTAL SOLUTIONS,5/16/2026,1035 FIRESIDE DR,,ALLEN,TX,COLLIN,75002-5025,214-682-7901
ACO1255,MOLD ASSESSMENT COMPANY,EXPIRED,ORIGIN ENVIRONMENTAL INC,6/10/2026,20670 LAVONE DR,,PORTER,TX,HARRIS,77365-7600,281-906-9365
ACO1256,MOLD ASSESSMENT COMPANY,CURRENT,AWA ENVIRONMENTAL,8/17/2028,3361 SUBLETTE AVE,,SAINT LOUIS,MO,,63139-1346,817-739-4044
ACO1257,MOLD ASSESSMENT COMPANY,CURRENT,PROTEAN SERVICES LLC,6/30/2028,PO BOX 821982,,NORTH RICHLAND HILLS,TX,TARRANT,76182-1982,972-482-2334
ACO1258,MOLD ASSESSMENT COMPANY,CURRENT,"ONTERRIS, INC DBA ONTERRIS RESPONSE AND RECOVERY, LLC",8/25/2028,5120 NORTHSHORE DR,,NORTH LITTLE ROCK,AR,,72118-5315,501-801-8500
ACO1259,MOLD ASSESSMENT COMPANY,EXPIRED,"MOLD MAVERICKS, LLC",8/15/2026,3100 ALMA RD,Ste 150,MCKINNEY,TX,COLLIN,75070-4800,479-200-0829
ACO1260,MOLD ASSESSMENT COMPANY,CURRENT,MAC ENVIRONMENTAL,9/12/2026,6825 HUEBNER RD STE 380254,,SAN ANTONIO,TX,BEXAR,78238,210-799-4649
ACO1261,MOLD ASSESSMENT COMPANY,CURRENT,RL YOUNG LLC,9/23/2026,12851 MANCHESTER RD STE 160,,SAINT LOUIS,MO,OUT OF STATE/UNKNOWN,63131-1802,314-210-9520
ACO1262,MOLD ASSESSMENT COMPANY,CURRENT,"LANGAN ENGINEERING AND ENVIRONMENTAL SERVICES, LLC",10/6/2026,2999 OLYMPUS BLVD STE 165,,COPPELL,TX,DALLAS,75019-1204,254-644-5462
ACO1263,MOLD ASSESSMENT COMPANY,CURRENT,BNF CONSULTING,10/21/2026,2510 LOU HOLLOW PLACE,,CEDAR PARK,TX,WILLIAMSON,78613,737-262-2046
ACO1264,MOLD ASSESSMENT COMPANY,CURRENT,HOWARD ENVIRONMENTAL LLC,11/7/2026,3503 E K LN,,AUSTIN,TX,TRAVIS,78754-4921,512-560-2428
ACO1265,MOLD ASSESSMENT COMPANY,CURRENT,BAQ INC.,11/24/2026,29 PINEWOOD FOREST CT,,THE WOODLANDS,TX,MONTGOMERY,77381-2580,281-448-1100
ACO1266,MOLD ASSESSMENT COMPANY,CURRENT,BLACKLAND HOME INSPECTIONS LLC,1/8/2027,7212 FM 879,,PALMER,TX,ELLIS,75152-9110,972-921-8454
ACO1267,MOLD ASSESSMENT COMPANY,CURRENT,"KJ INTEGRATED SERVICES, LLC",1/21/2027,4906 CRESTPOINT LN,,GARLAND,TX,DALLAS,75043-6515,945-385-8757
ACO1268,MOLD ASSESSMENT COMPANY,CURRENT,"TMIC ENVIRONMENTAL CONSULTANTS, LLC",1/22/2027,1431 WIRT RD,,HOUSTON,TX,HARRIS,77055-4916,832-373-1670
ACO1269,MOLD ASSESSMENT COMPANY,CURRENT,MSE ENVIRONMENTAL DALLAS LLC,1/27/2027,405 AIRPORT FWY UNIT 104,,BEDFORD,TX,TARRANT,76021-5358,469-799-0911
ACO1270,MOLD ASSESSMENT COMPANY,CURRENT,3DN ENTERPRISES LLC,1/30/2027,421 BEN BOYD RD,,ARGYLE,TX,DENTON,76226-5100,817-673-8499
ACO1271,MOLD ASSESSMENT COMPANY,CURRENT,PRECISION ENVIRONMENTAL SERVICES,3/4/2027,516 FOREST TRL,,ARGYLE,TX,DENTON,76226-6704,940-597-2673
ACO1272,MOLD ASSESSMENT COMPANY,CURRENT,TEXAS MOLD SPECIALISTS,3/25/2027,4302 WOODVALLEY DR,,HOUSTON,TX,HARRIS,77096-3530,713-682-0133
ACO1273,MOLD ASSESSMENT COMPANY,CURRENT,BARRETT ENVIRONMENTAL LLC,4/14/2027,2209 SAINT ANDREWS,,MCKINNEY,TX,COLLIN,75072-4332,806-570-0943
ACO1274,MOLD ASSESSMENT COMPANY,CURRENT,ENVIRO 360,4/15/2027,8074 PRECINCT LINE RD,,COLLEYVILLE,TX,TARRANT,76034-7547,817-754-0360
ACO1275,MOLD ASSESSMENT COMPANY,CURRENT,ENVIROQUEST INC,4/16/2027,845 PINNACLE CIR,,LEWISVILLE,TX,DENTON,75077-2537,972-505-0200
ACO1276,MOLD ASSESSMENT COMPANY,CURRENT,"CLEAN ENVIRONMENTS, LLC",4/28/2027,2800 NE LOOP 410 STE 105,,SAN ANTONIO,TX,BEXAR,78218-1525,210-349-7242
ACO1277,MOLD ASSESSMENT COMPANY,CURRENT,"UES PROFESSIONAL SOLUTIONS 64, LLC",5/4/2027,14731 PEBBLE BEND DR,,HOUSTON,TX,HARRIS,77068-2928,281-580-8892
ACO1278,MOLD ASSESSMENT COMPANY,CURRENT,"RNOMICS, LLC",5/7/2027,7145 S BUFFALO DR # C105,,LAS VEGAS,NV,,89113-4119,480-315-1100
ACO1279,MOLD ASSESSMENT COMPANY,CURRENT,SOLID ROCK HOME INSPECTIONS,5/13/2027,120 ARCHED OAK LOOP,,FLORESVILLE,TX,WILSON,78114-4419,210-834-8221
ACO1280,MOLD ASSESSMENT COMPANY,CURRENT,"J & E RACHAL, DBA TEXAS MOLD INSPECTOR",5/18/2027,209 DOUBLE MOUNTAIN RD,,LIBERTY HILL,TX,WILLIAMSON,78642,832-992-6653
ACO1281,MOLD ASSESSMENT COMPANY,CURRENT,CARROLL'S INSPECTION SERVICES,5/28/2027,6805 W LAKESIDE BLVD,,OLMITO,TX,CAMERON,78575-9703,956-459-2636
ACO1282,MOLD ASSESSMENT COMPANY,CURRENT,MOLD TEST COMPANY,6/15/2027,18 BIOGENESIS BLVD,,DAWSONVILLE,GA,OUT OF STATE/UNKNOWN,30534-7699,678-894-2762
ACO1283,MOLD ASSESSMENT COMPANY,CURRENT,"LIBRA ENVIRONMENTAL CONSULTING, LLC",6/16/2027,101 S COIT RD,Suite 13638,RICHARDSON,TX,COLLIN,75080-5743,254-644-5462
ACO1284,MOLD ASSESSMENT COMPANY,CURRENT,SCZW SERVICES LLC DBA ALM MOLD INSPECTION,6/17/2027,6211 DUMFRIES DR,,HOUSTON,TX,HARRIS,77096-4602,713-714-7312
ACO1285,MOLD ASSESSMENT COMPANY,CURRENT,"HALLIWELL ENGINEERING ASSOCIATES, LLC",6/18/2027,865 WATERMAN AVE,,EAST PROVIDENCE,RI,,02914-1300,940-757-6822
ACO1286,MOLD ASSESSMENT COMPANY,CURRENT,TONERCO LLC,6/18/2027,2322  BISSONNET,Ste 3,HOUSTON,TX,HARRIS,77005,832-878-2914
ACO1287,MOLD ASSESSMENT COMPANY,CURRENT,WSP USA INC.,7/2/2027,1 PENN PLZ,4th Floor,NEW YORK,NY,,10119-0002,716-395-2349
ACO1288,MOLD ASSESSMENT COMPANY,CURRENT,FEC,7/10/2027,4438 W BAY VILLLA AVE,,TAMPA,FL,OUT OF STATE/UNKNOWN,33611,267-970-9642
ACO1289,MOLD ASSESSMENT COMPANY,CURRENT,IRONARCH REMODELING,7/16/2027,3801 DOGWOOD DR,,PROSPER,TX,COLLIN,75078-9542,469-209-8130
ACO1290,MOLD ASSESSMENT COMPANY,CURRENT,SUPER MAC ENVIRONMENTAL SOLUTIONS LLC,7/16/2027,"6111 BEVERLYHILL ST ",Apt 23,"HOUSTON ",TX,HARRIS,77057,240-595-5684
ACO1291,MOLD ASSESSMENT COMPANY,CURRENT,DTECH SERVICES,8/27/2027,1218 W ARKANSAS LN STE D,,ARLINGTON,TX,TARRANT,76013-6202,469-446-6733
ACO1292,MOLD ASSESSMENT COMPANY,CURRENT,EDUCATION IS OPPORTUNITIES LLC,9/7/2027,216 LEMMON DR STE 382,,RENO,NV,,89506-8701,562-698-1279
ACO1293,MOLD ASSESSMENT COMPANY,CURRENT,"ENVIROCHECK, INC.",9/8/2027,4350 ALPHA RD STE 130,,DALLAS,TX,DALLAS,75244-4527,972-428-8505
ACO1294,MOLD ASSESSMENT COMPANY,CURRENT,AIRMD INC,9/8/2027,3626 N HALL ST,Suite 610,DALLAS,TX,DALLAS,75219-5105,214-377-6093
ACO1295,MOLD ASSESSMENT COMPANY,CURRENT,ARIES ENVIRONMENTAL LLC,9/18/2027,2118 OAK WILD ST,,SAN ANTONIO,TX,BEXAR,78232-3112,210-289-9717
ACO1296,MOLD ASSESSMENT COMPANY,CURRENT,"ENPROTEC / HIBBS & TODD, INC.",9/23/2027,402 CEDAR ST,,ABILENE,TX,SHACKELFORD,79601-5734,325-698-5560
ACO1297,MOLD ASSESSMENT COMPANY,CURRENT,PRIORITY INSPECTION SERVICES,10/26/2027,314 E NAKOMA ST,Suite H,SAN ANTONIO,TX,BEXAR,78216-2794,979-571-0220
ACO1298,MOLD ASSESSMENT COMPANY,CURRENT,"MARTINEZ ASBESTOS AND ENVIRONMENTAL CONSULTING, LLC",10/26/2027,9738 SANDIE,,HELOTES,TX,MEDINA,78023-4182,210-365-6900
ACO1299,MOLD ASSESSMENT COMPANY,CURRENT,"PRENVIRO, LLC",11/18/2027,7115 YOUNGSFORD RD,,MARION,TX,GUADALUPE,78124-1756,210-446-4595
ACO1300,MOLD ASSESSMENT COMPANY,CURRENT,"PARAGON STRUCTURAL ENGINEERING, LTD.",12/7/2027,6275 WEST PLANO PARKWAY,Suite 140,PLANO,TX,COLLIN,75093,469-892-7520
ACO1301,MOLD ASSESSMENT COMPANY,CURRENT,FIVEFOLD VENTURES LLC,12/17/2027,10039 BISSONETT STREET,Suite 313,HOUSTON,TX,HARRIS,77036,346-829-6369
ACO1302,MOLD ASSESSMENT COMPANY,CURRENT,ENVIROBUILD MATERIALS AND SERVICES LLC,12/18/2027,1309 ILLINOIS ST,,SOUTH HOUSTON,TX,HARRIS,77587-5418,346-747-1563
ACO1303,MOLD ASSESSMENT COMPANY,CURRENT,APEX TECHNICAL SERVICW,1/7/2028,211 S E 17TH AVE,,AMARILLO,TX,POTTER,79102,806-381-8888
ACO1304,MOLD ASSESSMENT COMPANY,CURRENT,SOCOTEC US,1/14/2028,9707 EAST EASTER LANE,,CENTENNIAL,CO,OUT OF STATE/UNKNOWN,80112,303-945-5792
ACO1305,MOLD ASSESSMENT COMPANY,CURRENT,PROPERTY INSPECTION GROUP LLC,1/25/2028,8301 LAKEVIEW PKWY 111-243,,ROWLETT,TX,DALLAS,75088,972-685-1744
ACO1306,MOLD ASSESSMENT COMPANY,CURRENT,"LAUDERDALE ENVIRONMENTAL AND SAFETY CONSULTANTS , LLC",2/3/2028,485 miss don MISS DONNA LANE,miss donna lane,DRIPPING SPRINGS,TX,TRAVIS,78620,512-557-5613
ACO1307,MOLD ASSESSMENT COMPANY,CURRENT,THOROUGH POINT INSPECTIONS,2/26/2028,20104  BITTER ROOT DR,,PORTER,TX,HARRIS,77365,346-455-4730
ACO1308,MOLD ASSESSMENT COMPANY,CURRENT,TEVA ENTERPRISES LLC,3/17/2028,17117 WESTHEIMER RD APT 36,,HOUSTON,TX,HARRIS,77082,888-673-0888
ACO1309,MOLD ASSESSMENT COMPANY,CURRENT,ENVIROGATOR ENVIRONMENTAL SERVICES,3/23/2028,521 REDWATER ROAD,,TEXARKANA,TX,BOWIE,75501,903-701-1964
ACO1310,MOLD ASSESSMENT COMPANY,CURRENT,KINGDOM INSPECTIONS LLC,3/26/2028,2257 N LOOP 336 W APT 140 PMB1073,,CONROE,TX,MONTGOMERY,77301,804-420-7504
ACO1311,MOLD ASSESSMENT COMPANY,CURRENT,ALL POINTS ENVIRONMENTAL LLC,3/29/2028,1245 W CARDINAL DRIVE,,BEAUMONT,TX,JEFFERSON,77705,409-842-4094
ACO1312,MOLD ASSESSMENT COMPANY,CURRENT,PH ENVIORNMENTAL TECHNOLOGIES LLC DBA PH ENVIRO TECH,4/13/2028,1113 FERNCLIFF DR,,FORT WORTH,TX,TARRANT,76117,682-284-2380
ACO1313,MOLD ASSESSMENT COMPANY,CURRENT,SMITH GROUP MOLD SERVICES LLC,4/19/2028,12327 SUMMER LAKE RANCH DR,,HOUSTON,TX,HARRIS,77044,281-734-3118
ACO1314,MOLD ASSESSMENT COMPANY,CURRENT,"NOBLE PROPERTY INSPECTIONS, PLLC",4/20/2028,3107 MEADOWCREEK DR,,MISSOURI CITY,TX,FORT BEND,77459,832-551-1397
ACO1315,MOLD ASSESSMENT COMPANY,CURRENT,TEXAS MOLD ADVISORS LLC,4/30/2028,18910 COVE VISTA LN,,CYPRESS,TX,HARRIS,77433,281-705-6889
ACO1316,MOLD ASSESSMENT COMPANY,CURRENT,HTX HOME INSPECTIONS,7/6/2028,240 W. GALVESTON ST,#128,LEAGUE CITY,TX,GALVESTON,77573,832-425-8826
ACO1317,MOLD ASSESSMENT COMPANY,CURRENT,ROBERT_BORMAN@HSEWORLD.COM,7/6/2028,1021 Knoll B KNOLL BRIDGE LN,,FRIENDSWOOD,TX,GALVESTON,77546,217-549-7122
ACO1318,MOLD ASSESSMENT COMPANY,CURRENT,"ARMSTRONG FORENSIC LABORATORY, INC.",7/16/2028,330 LOCH'N GREEN TRAIL,,ARLINGTON,TX,TARRANT,76012,817-275-2691
ACO1319,MOLD ASSESSMENT COMPANY,CURRENT,TEXAS TURN KEY HOME INSPECTION PLLC,7/16/2028,2629 Aztec C AZTEC CT.,,LEAGUE CITY,TX,,77573-7745,832-551-4581
ACO1320,MOLD ASSESSMENT COMPANY,CURRENT,"SPEAR & LANCASTER, LLC",7/28/2028,25906 NICHOLS SAWMILL ROAD,,MAGNOLIA,TX,WALLER,77355,281-252-0005
ACO1321,MOLD ASSESSMENT COMPANY,CURRENT,"K9 MOLD GUIDE, LLC",8/3/2028,2345 CHRISTOPHER LN,,BURLESON,TX,JOHNSON,76028,979-415-5432
ACO1322,MOLD ASSESSMENT COMPANY,CURRENT,DNH PROPERTY INSPECTIONS PLLC,8/17/2028,7960 IRMA DRIVE,,ROYSE CITY,TX,ROCKWALL,75189,972-814-1502
ACO1323,MOLD ASSESSMENT COMPANY,CURRENT,TRILEAF CORPORATION,8/17/2028,7700  WEST HIGHWAY 71,Suite 200,AUSTIN,TX,TRAVIS,78735,512-519-9388
ACO1324,MOLD ASSESSMENT COMPANY,CURRENT,"YA ENGINEERING SERVICES, LLC",8/17/2028,1999 BRYAN STREET SUITE 900,,DALLAS,TX,DALLAS,75201,206-351-2095